"filename", "language", "Markdown", "XML", "Properties", "Batch", "CSS", "HTML", "JavaScript", "JSON", "Java", "Ruby", "SCSS", "Less", "comment", "blank", "total"
"d:\do_an_duong\PlaceUp\.idea\DuAnTotNghiep.iml", "XML", 0, -9, 0, 0, 0, 0, 0, 0, 0, 0, 0, 0, 0, 0, -9
"d:\do_an_duong\PlaceUp\.idea\compiler.xml", "XML", 0, -22, 0, 0, 0, 0, 0, 0, 0, 0, 0, 0, 0, 0, -22
"d:\do_an_duong\PlaceUp\.idea\encodings.xml", "XML", 0, -6, 0, 0, 0, 0, 0, 0, 0, 0, 0, 0, 0, 0, -6
"d:\do_an_duong\PlaceUp\.idea\jarRepositories.xml", "XML", 0, -20, 0, 0, 0, 0, 0, 0, 0, 0, 0, 0, 0, 0, -20
"d:\do_an_duong\PlaceUp\.idea\jpa-buddy.xml", "XML", 0, -7, 0, 0, 0, 0, 0, 0, 0, 0, 0, 0, 0, 0, -7
"d:\do_an_duong\PlaceUp\.idea\libraries\Maven__antlr_antlr_2_7_7.xml", "XML", 0, -13, 0, 0, 0, 0, 0, 0, 0, 0, 0, 0, 0, 0, -13
"d:\do_an_duong\PlaceUp\.idea\libraries\Maven__ch_qos_logback_logback_classic_1_2_3.xml", "XML", 0, -13, 0, 0, 0, 0, 0, 0, 0, 0, 0, 0, 0, 0, -13
"d:\do_an_duong\PlaceUp\.idea\libraries\Maven__ch_qos_logback_logback_core_1_2_3.xml", "XML", 0, -13, 0, 0, 0, 0, 0, 0, 0, 0, 0, 0, 0, 0, -13
"d:\do_an_duong\PlaceUp\.idea\libraries\Maven__com_beust_jcommander_1_78.xml", "XML", 0, -13, 0, 0, 0, 0, 0, 0, 0, 0, 0, 0, 0, 0, -13
"d:\do_an_duong\PlaceUp\.idea\libraries\Maven__com_cloudinary_cloudinary_core_1_33_0.xml", "XML", 0, -13, 0, 0, 0, 0, 0, 0, 0, 0, 0, 0, 0, 0, -13
"d:\do_an_duong\PlaceUp\.idea\libraries\Maven__com_cloudinary_cloudinary_http44_1_33_0.xml", "XML", 0, -13, 0, 0, 0, 0, 0, 0, 0, 0, 0, 0, 0, 0, -13
"d:\do_an_duong\PlaceUp\.idea\libraries\Maven__com_cloudinary_cloudinary_taglib_1_33_0.xml", "XML", 0, -13, 0, 0, 0, 0, 0, 0, 0, 0, 0, 0, 0, 0, -13
"d:\do_an_duong\PlaceUp\.idea\libraries\Maven__com_fasterxml_classmate_1_5_1.xml", "XML", 0, -13, 0, 0, 0, 0, 0, 0, 0, 0, 0, 0, 0, 0, -13
"d:\do_an_duong\PlaceUp\.idea\libraries\Maven__com_fasterxml_jackson_core_jackson_annotations_2_12_3.xml", "XML", 0, -13, 0, 0, 0, 0, 0, 0, 0, 0, 0, 0, 0, 0, -13
"d:\do_an_duong\PlaceUp\.idea\libraries\Maven__com_fasterxml_jackson_core_jackson_core_2_12_3.xml", "XML", 0, -13, 0, 0, 0, 0, 0, 0, 0, 0, 0, 0, 0, 0, -13
"d:\do_an_duong\PlaceUp\.idea\libraries\Maven__com_fasterxml_jackson_core_jackson_databind_2_12_3.xml", "XML", 0, -13, 0, 0, 0, 0, 0, 0, 0, 0, 0, 0, 0, 0, -13
"d:\do_an_duong\PlaceUp\.idea\libraries\Maven__com_fasterxml_jackson_datatype_jackson_datatype_jdk8_2_12_3.xml", "XML", 0, -13, 0, 0, 0, 0, 0, 0, 0, 0, 0, 0, 0, 0, -13
"d:\do_an_duong\PlaceUp\.idea\libraries\Maven__com_fasterxml_jackson_datatype_jackson_datatype_jsr310_2_12_3.xml", "XML", 0, -13, 0, 0, 0, 0, 0, 0, 0, 0, 0, 0, 0, 0, -13
"d:\do_an_duong\PlaceUp\.idea\libraries\Maven__com_fasterxml_jackson_module_jackson_module_parameter_names_2_12_3.xml", "XML", 0, -13, 0, 0, 0, 0, 0, 0, 0, 0, 0, 0, 0, 0, -13
"d:\do_an_duong\PlaceUp\.idea\libraries\Maven__com_github_jai_imageio_jai_imageio_core_1_4_0.xml", "XML", 0, -13, 0, 0, 0, 0, 0, 0, 0, 0, 0, 0, 0, 0, -13
"d:\do_an_duong\PlaceUp\.idea\libraries\Maven__com_github_sarxos_webcam_capture_0_3_10.xml", "XML", 0, -13, 0, 0, 0, 0, 0, 0, 0, 0, 0, 0, 0, 0, -13
"d:\do_an_duong\PlaceUp\.idea\libraries\Maven__com_github_stephenc_jcip_jcip_annotations_1_0_1.xml", "XML", 0, -13, 0, 0, 0, 0, 0, 0, 0, 0, 0, 0, 0, 0, -13
"d:\do_an_duong\PlaceUp\.idea\libraries\Maven__com_google_code_gson_gson_2_9_0.xml", "XML", 0, -13, 0, 0, 0, 0, 0, 0, 0, 0, 0, 0, 0, 0, -13
"d:\do_an_duong\PlaceUp\.idea\libraries\Maven__com_google_zxing_core_3_4_1.xml", "XML", 0, -13, 0, 0, 0, 0, 0, 0, 0, 0, 0, 0, 0, 0, -13
"d:\do_an_duong\PlaceUp\.idea\libraries\Maven__com_google_zxing_javase_3_4_1.xml", "XML", 0, -13, 0, 0, 0, 0, 0, 0, 0, 0, 0, 0, 0, 0, -13
"d:\do_an_duong\PlaceUp\.idea\libraries\Maven__com_itextpdf_itextpdf_5_5_10.xml", "XML", 0, -13, 0, 0, 0, 0, 0, 0, 0, 0, 0, 0, 0, 0, -13
"d:\do_an_duong\PlaceUp\.idea\libraries\Maven__com_jayway_jsonpath_json_path_2_5_0.xml", "XML", 0, -13, 0, 0, 0, 0, 0, 0, 0, 0, 0, 0, 0, 0, -13
"d:\do_an_duong\PlaceUp\.idea\libraries\Maven__com_nativelibs4java_bridj_0_6_2.xml", "XML", 0, -13, 0, 0, 0, 0, 0, 0, 0, 0, 0, 0, 0, 0, -13
"d:\do_an_duong\PlaceUp\.idea\libraries\Maven__com_nimbusds_nimbus_jose_jwt_4_20.xml", "XML", 0, -13, 0, 0, 0, 0, 0, 0, 0, 0, 0, 0, 0, 0, -13
"d:\do_an_duong\PlaceUp\.idea\libraries\Maven__com_paypal_sdk_rest_api_sdk_1_4_2.xml", "XML", 0, -13, 0, 0, 0, 0, 0, 0, 0, 0, 0, 0, 0, 0, -13
"d:\do_an_duong\PlaceUp\.idea\libraries\Maven__com_sun_activation_jakarta_activation_1_2_2.xml", "XML", 0, -13, 0, 0, 0, 0, 0, 0, 0, 0, 0, 0, 0, 0, -13
"d:\do_an_duong\PlaceUp\.idea\libraries\Maven__com_sun_istack_istack_commons_runtime_3_0_12.xml", "XML", 0, -13, 0, 0, 0, 0, 0, 0, 0, 0, 0, 0, 0, 0, -13
"d:\do_an_duong\PlaceUp\.idea\libraries\Maven__com_sun_mail_jakarta_mail_1_6_7.xml", "XML", 0, -13, 0, 0, 0, 0, 0, 0, 0, 0, 0, 0, 0, 0, -13
"d:\do_an_duong\PlaceUp\.idea\libraries\Maven__com_vaadin_external_google_android_json_0_0_20131108_vaadin1.xml", "XML", 0, -13, 0, 0, 0, 0, 0, 0, 0, 0, 0, 0, 0, 0, -13
"d:\do_an_duong\PlaceUp\.idea\libraries\Maven__com_zaxxer_HikariCP_4_0_3.xml", "XML", 0, -13, 0, 0, 0, 0, 0, 0, 0, 0, 0, 0, 0, 0, -13
"d:\do_an_duong\PlaceUp\.idea\libraries\Maven__commons_beanutils_commons_beanutils_1_9_4.xml", "XML", 0, -13, 0, 0, 0, 0, 0, 0, 0, 0, 0, 0, 0, 0, -13
"d:\do_an_duong\PlaceUp\.idea\libraries\Maven__commons_codec_commons_codec_1_15.xml", "XML", 0, -13, 0, 0, 0, 0, 0, 0, 0, 0, 0, 0, 0, 0, -13
"d:\do_an_duong\PlaceUp\.idea\libraries\Maven__commons_collections_commons_collections_3_2_2.xml", "XML", 0, -13, 0, 0, 0, 0, 0, 0, 0, 0, 0, 0, 0, 0, -13
"d:\do_an_duong\PlaceUp\.idea\libraries\Maven__commons_configuration_commons_configuration_1_10.xml", "XML", 0, -13, 0, 0, 0, 0, 0, 0, 0, 0, 0, 0, 0, 0, -13
"d:\do_an_duong\PlaceUp\.idea\libraries\Maven__commons_fileupload_commons_fileupload_1_3_3.xml", "XML", 0, -13, 0, 0, 0, 0, 0, 0, 0, 0, 0, 0, 0, 0, -13
"d:\do_an_duong\PlaceUp\.idea\libraries\Maven__commons_io_commons_io_2_15_1.xml", "XML", 0, -13, 0, 0, 0, 0, 0, 0, 0, 0, 0, 0, 0, 0, -13
"d:\do_an_duong\PlaceUp\.idea\libraries\Maven__commons_lang_commons_lang_2_6.xml", "XML", 0, -13, 0, 0, 0, 0, 0, 0, 0, 0, 0, 0, 0, 0, -13
"d:\do_an_duong\PlaceUp\.idea\libraries\Maven__commons_logging_commons_logging_1_2.xml", "XML", 0, -13, 0, 0, 0, 0, 0, 0, 0, 0, 0, 0, 0, 0, -13
"d:\do_an_duong\PlaceUp\.idea\libraries\Maven__io_jsonwebtoken_jjwt_0_9_1.xml", "XML", 0, -13, 0, 0, 0, 0, 0, 0, 0, 0, 0, 0, 0, 0, -13
"d:\do_an_duong\PlaceUp\.idea\libraries\Maven__io_jsonwebtoken_jjwt_api_0_11_5.xml", "XML", 0, -13, 0, 0, 0, 0, 0, 0, 0, 0, 0, 0, 0, 0, -13
"d:\do_an_duong\PlaceUp\.idea\libraries\Maven__io_jsonwebtoken_jjwt_impl_0_11_5.xml", "XML", 0, -13, 0, 0, 0, 0, 0, 0, 0, 0, 0, 0, 0, 0, -13
"d:\do_an_duong\PlaceUp\.idea\libraries\Maven__io_jsonwebtoken_jjwt_jackson_0_11_5.xml", "XML", 0, -13, 0, 0, 0, 0, 0, 0, 0, 0, 0, 0, 0, 0, -13
"d:\do_an_duong\PlaceUp\.idea\libraries\Maven__jakarta_activation_jakarta_activation_api_1_2_2.xml", "XML", 0, -13, 0, 0, 0, 0, 0, 0, 0, 0, 0, 0, 0, 0, -13
"d:\do_an_duong\PlaceUp\.idea\libraries\Maven__jakarta_annotation_jakarta_annotation_api_1_3_5.xml", "XML", 0, -13, 0, 0, 0, 0, 0, 0, 0, 0, 0, 0, 0, 0, -13
"d:\do_an_duong\PlaceUp\.idea\libraries\Maven__jakarta_persistence_jakarta_persistence_api_2_2_3.xml", "XML", 0, -13, 0, 0, 0, 0, 0, 0, 0, 0, 0, 0, 0, 0, -13
"d:\do_an_duong\PlaceUp\.idea\libraries\Maven__jakarta_transaction_jakarta_transaction_api_1_3_3.xml", "XML", 0, -13, 0, 0, 0, 0, 0, 0, 0, 0, 0, 0, 0, 0, -13
"d:\do_an_duong\PlaceUp\.idea\libraries\Maven__jakarta_validation_jakarta_validation_api_2_0_2.xml", "XML", 0, -13, 0, 0, 0, 0, 0, 0, 0, 0, 0, 0, 0, 0, -13
"d:\do_an_duong\PlaceUp\.idea\libraries\Maven__jakarta_xml_bind_jakarta_xml_bind_api_2_3_3.xml", "XML", 0, -13, 0, 0, 0, 0, 0, 0, 0, 0, 0, 0, 0, 0, -13
"d:\do_an_duong\PlaceUp\.idea\libraries\Maven__javax_servlet_jsp_api_2_0.xml", "XML", 0, -13, 0, 0, 0, 0, 0, 0, 0, 0, 0, 0, 0, 0, -13
"d:\do_an_duong\PlaceUp\.idea\libraries\Maven__javax_servlet_jstl_1_2.xml", "XML", 0, -13, 0, 0, 0, 0, 0, 0, 0, 0, 0, 0, 0, 0, -13
"d:\do_an_duong\PlaceUp\.idea\libraries\Maven__javax_servlet_servlet_api_2_4.xml", "XML", 0, -13, 0, 0, 0, 0, 0, 0, 0, 0, 0, 0, 0, 0, -13
"d:\do_an_duong\PlaceUp\.idea\libraries\Maven__log4j_log4j_1_2_17.xml", "XML", 0, -13, 0, 0, 0, 0, 0, 0, 0, 0, 0, 0, 0, 0, -13
"d:\do_an_duong\PlaceUp\.idea\libraries\Maven__mysql_mysql_connector_java_8_0_28.xml", "XML", 0, -13, 0, 0, 0, 0, 0, 0, 0, 0, 0, 0, 0, 0, -13
"d:\do_an_duong\PlaceUp\.idea\libraries\Maven__net_bytebuddy_byte_buddy_1_10_22.xml", "XML", 0, -13, 0, 0, 0, 0, 0, 0, 0, 0, 0, 0, 0, 0, -13
"d:\do_an_duong\PlaceUp\.idea\libraries\Maven__net_bytebuddy_byte_buddy_agent_1_10_22.xml", "XML", 0, -13, 0, 0, 0, 0, 0, 0, 0, 0, 0, 0, 0, 0, -13
"d:\do_an_duong\PlaceUp\.idea\libraries\Maven__net_minidev_accessors_smart_2_4_7.xml", "XML", 0, -13, 0, 0, 0, 0, 0, 0, 0, 0, 0, 0, 0, 0, -13
"d:\do_an_duong\PlaceUp\.idea\libraries\Maven__net_minidev_json_smart_2_4_7.xml", "XML", 0, -13, 0, 0, 0, 0, 0, 0, 0, 0, 0, 0, 0, 0, -13
"d:\do_an_duong\PlaceUp\.idea\libraries\Maven__org_apache_commons_commons_lang3_3_12_0.xml", "XML", 0, -13, 0, 0, 0, 0, 0, 0, 0, 0, 0, 0, 0, 0, -13
"d:\do_an_duong\PlaceUp\.idea\libraries\Maven__org_apache_httpcomponents_httpclient_4_5_13.xml", "XML", 0, -13, 0, 0, 0, 0, 0, 0, 0, 0, 0, 0, 0, 0, -13
"d:\do_an_duong\PlaceUp\.idea\libraries\Maven__org_apache_httpcomponents_httpcore_4_4_14.xml", "XML", 0, -13, 0, 0, 0, 0, 0, 0, 0, 0, 0, 0, 0, 0, -13
"d:\do_an_duong\PlaceUp\.idea\libraries\Maven__org_apache_httpcomponents_httpmime_4_5_13.xml", "XML", 0, -13, 0, 0, 0, 0, 0, 0, 0, 0, 0, 0, 0, 0, -13
"d:\do_an_duong\PlaceUp\.idea\libraries\Maven__org_apache_logging_log4j_log4j_api_2_14_1.xml", "XML", 0, -13, 0, 0, 0, 0, 0, 0, 0, 0, 0, 0, 0, 0, -13
"d:\do_an_duong\PlaceUp\.idea\libraries\Maven__org_apache_logging_log4j_log4j_to_slf4j_2_14_1.xml", "XML", 0, -13, 0, 0, 0, 0, 0, 0, 0, 0, 0, 0, 0, 0, -13
"d:\do_an_duong\PlaceUp\.idea\libraries\Maven__org_apache_lucene_lucene_analyzers_common_5_5_5.xml", "XML", 0, -13, 0, 0, 0, 0, 0, 0, 0, 0, 0, 0, 0, 0, -13
"d:\do_an_duong\PlaceUp\.idea\libraries\Maven__org_apache_lucene_lucene_core_5_5_5.xml", "XML", 0, -13, 0, 0, 0, 0, 0, 0, 0, 0, 0, 0, 0, 0, -13
"d:\do_an_duong\PlaceUp\.idea\libraries\Maven__org_apache_lucene_lucene_facet_5_5_5.xml", "XML", 0, -13, 0, 0, 0, 0, 0, 0, 0, 0, 0, 0, 0, 0, -13
"d:\do_an_duong\PlaceUp\.idea\libraries\Maven__org_apache_lucene_lucene_misc_5_5_5.xml", "XML", 0, -13, 0, 0, 0, 0, 0, 0, 0, 0, 0, 0, 0, 0, -13
"d:\do_an_duong\PlaceUp\.idea\libraries\Maven__org_apache_lucene_lucene_queries_5_5_5.xml", "XML", 0, -13, 0, 0, 0, 0, 0, 0, 0, 0, 0, 0, 0, 0, -13
"d:\do_an_duong\PlaceUp\.idea\libraries\Maven__org_apache_lucene_lucene_queryparser_5_5_5.xml", "XML", 0, -13, 0, 0, 0, 0, 0, 0, 0, 0, 0, 0, 0, 0, -13
"d:\do_an_duong\PlaceUp\.idea\libraries\Maven__org_apache_pdfbox_fontbox_2_0_4.xml", "XML", 0, -13, 0, 0, 0, 0, 0, 0, 0, 0, 0, 0, 0, 0, -13
"d:\do_an_duong\PlaceUp\.idea\libraries\Maven__org_apache_pdfbox_pdfbox_2_0_4.xml", "XML", 0, -13, 0, 0, 0, 0, 0, 0, 0, 0, 0, 0, 0, 0, -13
"d:\do_an_duong\PlaceUp\.idea\libraries\Maven__org_apache_tomcat_embed_tomcat_embed_core_9_0_48.xml", "XML", 0, -13, 0, 0, 0, 0, 0, 0, 0, 0, 0, 0, 0, 0, -13
"d:\do_an_duong\PlaceUp\.idea\libraries\Maven__org_apache_tomcat_embed_tomcat_embed_el_9_0_48.xml", "XML", 0, -13, 0, 0, 0, 0, 0, 0, 0, 0, 0, 0, 0, 0, -13
"d:\do_an_duong\PlaceUp\.idea\libraries\Maven__org_apache_tomcat_embed_tomcat_embed_jasper_9_0_48.xml", "XML", 0, -13, 0, 0, 0, 0, 0, 0, 0, 0, 0, 0, 0, 0, -13
"d:\do_an_duong\PlaceUp\.idea\libraries\Maven__org_apache_tomcat_embed_tomcat_embed_websocket_9_0_48.xml", "XML", 0, -13, 0, 0, 0, 0, 0, 0, 0, 0, 0, 0, 0, 0, -13
"d:\do_an_duong\PlaceUp\.idea\libraries\Maven__org_apiguardian_apiguardian_api_1_1_0.xml", "XML", 0, -13, 0, 0, 0, 0, 0, 0, 0, 0, 0, 0, 0, 0, -13
"d:\do_an_duong\PlaceUp\.idea\libraries\Maven__org_aspectj_aspectjrt_1_9_6.xml", "XML", 0, -13, 0, 0, 0, 0, 0, 0, 0, 0, 0, 0, 0, 0, -13
"d:\do_an_duong\PlaceUp\.idea\libraries\Maven__org_aspectj_aspectjweaver_1_9_6.xml", "XML", 0, -13, 0, 0, 0, 0, 0, 0, 0, 0, 0, 0, 0, 0, -13
"d:\do_an_duong\PlaceUp\.idea\libraries\Maven__org_assertj_assertj_core_3_19_0.xml", "XML", 0, -13, 0, 0, 0, 0, 0, 0, 0, 0, 0, 0, 0, 0, -13
"d:\do_an_duong\PlaceUp\.idea\libraries\Maven__org_attoparser_attoparser_2_0_5_RELEASE.xml", "XML", 0, -13, 0, 0, 0, 0, 0, 0, 0, 0, 0, 0, 0, 0, -13
"d:\do_an_duong\PlaceUp\.idea\libraries\Maven__org_bouncycastle_bcprov_jdk15on_1_56.xml", "XML", 0, -13, 0, 0, 0, 0, 0, 0, 0, 0, 0, 0, 0, 0, -13
"d:\do_an_duong\PlaceUp\.idea\libraries\Maven__org_dom4j_dom4j_2_1_3.xml", "XML", 0, -13, 0, 0, 0, 0, 0, 0, 0, 0, 0, 0, 0, 0, -13
"d:\do_an_duong\PlaceUp\.idea\libraries\Maven__org_eclipse_jdt_ecj_3_18_0.xml", "XML", 0, -13, 0, 0, 0, 0, 0, 0, 0, 0, 0, 0, 0, 0, -13
"d:\do_an_duong\PlaceUp\.idea\libraries\Maven__org_glassfish_jaxb_jaxb_runtime_2_3_4.xml", "XML", 0, -13, 0, 0, 0, 0, 0, 0, 0, 0, 0, 0, 0, 0, -13
"d:\do_an_duong\PlaceUp\.idea\libraries\Maven__org_glassfish_jaxb_txw2_2_3_4.xml", "XML", 0, -13, 0, 0, 0, 0, 0, 0, 0, 0, 0, 0, 0, 0, -13
"d:\do_an_duong\PlaceUp\.idea\libraries\Maven__org_hamcrest_hamcrest_2_2.xml", "XML", 0, -13, 0, 0, 0, 0, 0, 0, 0, 0, 0, 0, 0, 0, -13
"d:\do_an_duong\PlaceUp\.idea\libraries\Maven__org_hibernate_common_hibernate_commons_annotations_5_1_2_Final.xml", "XML", 0, -13, 0, 0, 0, 0, 0, 0, 0, 0, 0, 0, 0, 0, -13
"d:\do_an_duong\PlaceUp\.idea\libraries\Maven__org_hibernate_hibernate_core_5_4_32_Final.xml", "XML", 0, -13, 0, 0, 0, 0, 0, 0, 0, 0, 0, 0, 0, 0, -13
"d:\do_an_duong\PlaceUp\.idea\libraries\Maven__org_hibernate_hibernate_search_engine_5_11_10_Final.xml", "XML", 0, -13, 0, 0, 0, 0, 0, 0, 0, 0, 0, 0, 0, 0, -13
"d:\do_an_duong\PlaceUp\.idea\libraries\Maven__org_hibernate_hibernate_search_orm_5_11_10_Final.xml", "XML", 0, -13, 0, 0, 0, 0, 0, 0, 0, 0, 0, 0, 0, 0, -13
"d:\do_an_duong\PlaceUp\.idea\libraries\Maven__org_hibernate_validator_hibernate_validator_6_2_0_Final.xml", "XML", 0, -13, 0, 0, 0, 0, 0, 0, 0, 0, 0, 0, 0, 0, -13
"d:\do_an_duong\PlaceUp\.idea\libraries\Maven__org_javassist_javassist_3_27_0_GA.xml", "XML", 0, -13, 0, 0, 0, 0, 0, 0, 0, 0, 0, 0, 0, 0, -13
"d:\do_an_duong\PlaceUp\.idea\libraries\Maven__org_jboss_jandex_2_2_3_Final.xml", "XML", 0, -13, 0, 0, 0, 0, 0, 0, 0, 0, 0, 0, 0, 0, -13
"d:\do_an_duong\PlaceUp\.idea\libraries\Maven__org_jboss_jdeparser_jdeparser_2_0_2_Final.xml", "XML", 0, -13, 0, 0, 0, 0, 0, 0, 0, 0, 0, 0, 0, 0, -13
"d:\do_an_duong\PlaceUp\.idea\libraries\Maven__org_jboss_logging_jboss_logging_3_4_2_Final.xml", "XML", 0, -13, 0, 0, 0, 0, 0, 0, 0, 0, 0, 0, 0, 0, -13
"d:\do_an_duong\PlaceUp\.idea\libraries\Maven__org_jboss_logging_jboss_logging_annotations_2_1_0_Final.xml", "XML", 0, -13, 0, 0, 0, 0, 0, 0, 0, 0, 0, 0, 0, 0, -13
"d:\do_an_duong\PlaceUp\.idea\libraries\Maven__org_jboss_logging_jboss_logging_processor_2_1_0_Final.xml", "XML", 0, -13, 0, 0, 0, 0, 0, 0, 0, 0, 0, 0, 0, 0, -13
"d:\do_an_duong\PlaceUp\.idea\libraries\Maven__org_junit_jupiter_junit_jupiter_5_7_2.xml", "XML", 0, -13, 0, 0, 0, 0, 0, 0, 0, 0, 0, 0, 0, 0, -13
"d:\do_an_duong\PlaceUp\.idea\libraries\Maven__org_junit_jupiter_junit_jupiter_api_5_7_2.xml", "XML", 0, -13, 0, 0, 0, 0, 0, 0, 0, 0, 0, 0, 0, 0, -13
"d:\do_an_duong\PlaceUp\.idea\libraries\Maven__org_junit_jupiter_junit_jupiter_engine_5_7_2.xml", "XML", 0, -13, 0, 0, 0, 0, 0, 0, 0, 0, 0, 0, 0, 0, -13
"d:\do_an_duong\PlaceUp\.idea\libraries\Maven__org_junit_jupiter_junit_jupiter_params_5_7_2.xml", "XML", 0, -13, 0, 0, 0, 0, 0, 0, 0, 0, 0, 0, 0, 0, -13
"d:\do_an_duong\PlaceUp\.idea\libraries\Maven__org_junit_platform_junit_platform_commons_1_7_2.xml", "XML", 0, -13, 0, 0, 0, 0, 0, 0, 0, 0, 0, 0, 0, 0, -13
"d:\do_an_duong\PlaceUp\.idea\libraries\Maven__org_junit_platform_junit_platform_engine_1_7_2.xml", "XML", 0, -13, 0, 0, 0, 0, 0, 0, 0, 0, 0, 0, 0, 0, -13
"d:\do_an_duong\PlaceUp\.idea\libraries\Maven__org_mockito_mockito_core_3_9_0.xml", "XML", 0, -13, 0, 0, 0, 0, 0, 0, 0, 0, 0, 0, 0, 0, -13
"d:\do_an_duong\PlaceUp\.idea\libraries\Maven__org_mockito_mockito_junit_jupiter_3_9_0.xml", "XML", 0, -13, 0, 0, 0, 0, 0, 0, 0, 0, 0, 0, 0, 0, -13
"d:\do_an_duong\PlaceUp\.idea\libraries\Maven__org_modelmapper_modelmapper_2_3_8.xml", "XML", 0, -13, 0, 0, 0, 0, 0, 0, 0, 0, 0, 0, 0, 0, -13
"d:\do_an_duong\PlaceUp\.idea\libraries\Maven__org_objenesis_objenesis_3_2.xml", "XML", 0, -13, 0, 0, 0, 0, 0, 0, 0, 0, 0, 0, 0, 0, -13
"d:\do_an_duong\PlaceUp\.idea\libraries\Maven__org_opentest4j_opentest4j_1_2_0.xml", "XML", 0, -13, 0, 0, 0, 0, 0, 0, 0, 0, 0, 0, 0, 0, -13
"d:\do_an_duong\PlaceUp\.idea\libraries\Maven__org_ow2_asm_asm_9_1.xml", "XML", 0, -13, 0, 0, 0, 0, 0, 0, 0, 0, 0, 0, 0, 0, -13
"d:\do_an_duong\PlaceUp\.idea\libraries\Maven__org_projectlombok_lombok_1_18_20.xml", "XML", 0, -13, 0, 0, 0, 0, 0, 0, 0, 0, 0, 0, 0, 0, -13
"d:\do_an_duong\PlaceUp\.idea\libraries\Maven__org_skyscreamer_jsonassert_1_5_0.xml", "XML", 0, -13, 0, 0, 0, 0, 0, 0, 0, 0, 0, 0, 0, 0, -13
"d:\do_an_duong\PlaceUp\.idea\libraries\Maven__org_slf4j_jul_to_slf4j_1_7_31.xml", "XML", 0, -13, 0, 0, 0, 0, 0, 0, 0, 0, 0, 0, 0, 0, -13
"d:\do_an_duong\PlaceUp\.idea\libraries\Maven__org_slf4j_slf4j_api_1_7_31.xml", "XML", 0, -13, 0, 0, 0, 0, 0, 0, 0, 0, 0, 0, 0, 0, -13
"d:\do_an_duong\PlaceUp\.idea\libraries\Maven__org_springframework_boot_spring_boot_2_5_2.xml", "XML", 0, -13, 0, 0, 0, 0, 0, 0, 0, 0, 0, 0, 0, 0, -13
"d:\do_an_duong\PlaceUp\.idea\libraries\Maven__org_springframework_boot_spring_boot_autoconfigure_2_5_2.xml", "XML", 0, -13, 0, 0, 0, 0, 0, 0, 0, 0, 0, 0, 0, 0, -13
"d:\do_an_duong\PlaceUp\.idea\libraries\Maven__org_springframework_boot_spring_boot_devtools_2_5_2.xml", "XML", 0, -13, 0, 0, 0, 0, 0, 0, 0, 0, 0, 0, 0, 0, -13
"d:\do_an_duong\PlaceUp\.idea\libraries\Maven__org_springframework_boot_spring_boot_starter_2_5_2.xml", "XML", 0, -13, 0, 0, 0, 0, 0, 0, 0, 0, 0, 0, 0, 0, -13
"d:\do_an_duong\PlaceUp\.idea\libraries\Maven__org_springframework_boot_spring_boot_starter_aop_2_5_2.xml", "XML", 0, -13, 0, 0, 0, 0, 0, 0, 0, 0, 0, 0, 0, 0, -13
"d:\do_an_duong\PlaceUp\.idea\libraries\Maven__org_springframework_boot_spring_boot_starter_data_jpa_2_7_0.xml", "XML", 0, -13, 0, 0, 0, 0, 0, 0, 0, 0, 0, 0, 0, 0, -13
"d:\do_an_duong\PlaceUp\.idea\libraries\Maven__org_springframework_boot_spring_boot_starter_jdbc_2_5_2.xml", "XML", 0, -13, 0, 0, 0, 0, 0, 0, 0, 0, 0, 0, 0, 0, -13
"d:\do_an_duong\PlaceUp\.idea\libraries\Maven__org_springframework_boot_spring_boot_starter_json_2_5_2.xml", "XML", 0, -13, 0, 0, 0, 0, 0, 0, 0, 0, 0, 0, 0, 0, -13
"d:\do_an_duong\PlaceUp\.idea\libraries\Maven__org_springframework_boot_spring_boot_starter_logging_2_5_2.xml", "XML", 0, -13, 0, 0, 0, 0, 0, 0, 0, 0, 0, 0, 0, 0, -13
"d:\do_an_duong\PlaceUp\.idea\libraries\Maven__org_springframework_boot_spring_boot_starter_mail_2_5_2.xml", "XML", 0, -13, 0, 0, 0, 0, 0, 0, 0, 0, 0, 0, 0, 0, -13
"d:\do_an_duong\PlaceUp\.idea\libraries\Maven__org_springframework_boot_spring_boot_starter_security_2_5_2.xml", "XML", 0, -13, 0, 0, 0, 0, 0, 0, 0, 0, 0, 0, 0, 0, -13
"d:\do_an_duong\PlaceUp\.idea\libraries\Maven__org_springframework_boot_spring_boot_starter_test_2_5_2.xml", "XML", 0, -13, 0, 0, 0, 0, 0, 0, 0, 0, 0, 0, 0, 0, -13
"d:\do_an_duong\PlaceUp\.idea\libraries\Maven__org_springframework_boot_spring_boot_starter_thymeleaf_2_5_2.xml", "XML", 0, -13, 0, 0, 0, 0, 0, 0, 0, 0, 0, 0, 0, 0, -13
"d:\do_an_duong\PlaceUp\.idea\libraries\Maven__org_springframework_boot_spring_boot_starter_tomcat_2_5_2.xml", "XML", 0, -13, 0, 0, 0, 0, 0, 0, 0, 0, 0, 0, 0, 0, -13
"d:\do_an_duong\PlaceUp\.idea\libraries\Maven__org_springframework_boot_spring_boot_starter_web_2_5_2.xml", "XML", 0, -13, 0, 0, 0, 0, 0, 0, 0, 0, 0, 0, 0, 0, -13
"d:\do_an_duong\PlaceUp\.idea\libraries\Maven__org_springframework_boot_spring_boot_test_2_5_2.xml", "XML", 0, -13, 0, 0, 0, 0, 0, 0, 0, 0, 0, 0, 0, 0, -13
"d:\do_an_duong\PlaceUp\.idea\libraries\Maven__org_springframework_boot_spring_boot_test_autoconfigure_2_5_2.xml", "XML", 0, -13, 0, 0, 0, 0, 0, 0, 0, 0, 0, 0, 0, 0, -13
"d:\do_an_duong\PlaceUp\.idea\libraries\Maven__org_springframework_data_spring_data_commons_2_5_2.xml", "XML", 0, -13, 0, 0, 0, 0, 0, 0, 0, 0, 0, 0, 0, 0, -13
"d:\do_an_duong\PlaceUp\.idea\libraries\Maven__org_springframework_data_spring_data_jpa_2_5_2.xml", "XML", 0, -13, 0, 0, 0, 0, 0, 0, 0, 0, 0, 0, 0, 0, -13
"d:\do_an_duong\PlaceUp\.idea\libraries\Maven__org_springframework_security_spring_security_config_5_5_1.xml", "XML", 0, -13, 0, 0, 0, 0, 0, 0, 0, 0, 0, 0, 0, 0, -13
"d:\do_an_duong\PlaceUp\.idea\libraries\Maven__org_springframework_security_spring_security_core_5_5_1.xml", "XML", 0, -13, 0, 0, 0, 0, 0, 0, 0, 0, 0, 0, 0, 0, -13
"d:\do_an_duong\PlaceUp\.idea\libraries\Maven__org_springframework_security_spring_security_crypto_5_5_1.xml", "XML", 0, -13, 0, 0, 0, 0, 0, 0, 0, 0, 0, 0, 0, 0, -13
"d:\do_an_duong\PlaceUp\.idea\libraries\Maven__org_springframework_security_spring_security_test_5_5_1.xml", "XML", 0, -13, 0, 0, 0, 0, 0, 0, 0, 0, 0, 0, 0, 0, -13
"d:\do_an_duong\PlaceUp\.idea\libraries\Maven__org_springframework_security_spring_security_web_5_5_1.xml", "XML", 0, -13, 0, 0, 0, 0, 0, 0, 0, 0, 0, 0, 0, 0, -13
"d:\do_an_duong\PlaceUp\.idea\libraries\Maven__org_springframework_spring_aop_5_3_8.xml", "XML", 0, -13, 0, 0, 0, 0, 0, 0, 0, 0, 0, 0, 0, 0, -13
"d:\do_an_duong\PlaceUp\.idea\libraries\Maven__org_springframework_spring_aspects_5_3_8.xml", "XML", 0, -13, 0, 0, 0, 0, 0, 0, 0, 0, 0, 0, 0, 0, -13
"d:\do_an_duong\PlaceUp\.idea\libraries\Maven__org_springframework_spring_beans_5_3_8.xml", "XML", 0, -13, 0, 0, 0, 0, 0, 0, 0, 0, 0, 0, 0, 0, -13
"d:\do_an_duong\PlaceUp\.idea\libraries\Maven__org_springframework_spring_context_5_3_8.xml", "XML", 0, -13, 0, 0, 0, 0, 0, 0, 0, 0, 0, 0, 0, 0, -13
"d:\do_an_duong\PlaceUp\.idea\libraries\Maven__org_springframework_spring_context_support_5_3_8.xml", "XML", 0, -13, 0, 0, 0, 0, 0, 0, 0, 0, 0, 0, 0, 0, -13
"d:\do_an_duong\PlaceUp\.idea\libraries\Maven__org_springframework_spring_core_5_3_8.xml", "XML", 0, -13, 0, 0, 0, 0, 0, 0, 0, 0, 0, 0, 0, 0, -13
"d:\do_an_duong\PlaceUp\.idea\libraries\Maven__org_springframework_spring_expression_5_3_8.xml", "XML", 0, -13, 0, 0, 0, 0, 0, 0, 0, 0, 0, 0, 0, 0, -13
"d:\do_an_duong\PlaceUp\.idea\libraries\Maven__org_springframework_spring_jcl_5_3_8.xml", "XML", 0, -13, 0, 0, 0, 0, 0, 0, 0, 0, 0, 0, 0, 0, -13
"d:\do_an_duong\PlaceUp\.idea\libraries\Maven__org_springframework_spring_jdbc_5_3_8.xml", "XML", 0, -13, 0, 0, 0, 0, 0, 0, 0, 0, 0, 0, 0, 0, -13
"d:\do_an_duong\PlaceUp\.idea\libraries\Maven__org_springframework_spring_orm_5_3_8.xml", "XML", 0, -13, 0, 0, 0, 0, 0, 0, 0, 0, 0, 0, 0, 0, -13
"d:\do_an_duong\PlaceUp\.idea\libraries\Maven__org_springframework_spring_test_5_3_8.xml", "XML", 0, -13, 0, 0, 0, 0, 0, 0, 0, 0, 0, 0, 0, 0, -13
"d:\do_an_duong\PlaceUp\.idea\libraries\Maven__org_springframework_spring_tx_5_3_8.xml", "XML", 0, -13, 0, 0, 0, 0, 0, 0, 0, 0, 0, 0, 0, 0, -13
"d:\do_an_duong\PlaceUp\.idea\libraries\Maven__org_springframework_spring_web_5_3_8.xml", "XML", 0, -13, 0, 0, 0, 0, 0, 0, 0, 0, 0, 0, 0, 0, -13
"d:\do_an_duong\PlaceUp\.idea\libraries\Maven__org_springframework_spring_webmvc_5_3_8.xml", "XML", 0, -13, 0, 0, 0, 0, 0, 0, 0, 0, 0, 0, 0, 0, -13
"d:\do_an_duong\PlaceUp\.idea\libraries\Maven__org_thymeleaf_extras_thymeleaf_extras_java8time_3_0_4_RELEASE.xml", "XML", 0, -13, 0, 0, 0, 0, 0, 0, 0, 0, 0, 0, 0, 0, -13
"d:\do_an_duong\PlaceUp\.idea\libraries\Maven__org_thymeleaf_thymeleaf_3_0_12_RELEASE.xml", "XML", 0, -13, 0, 0, 0, 0, 0, 0, 0, 0, 0, 0, 0, 0, -13
"d:\do_an_duong\PlaceUp\.idea\libraries\Maven__org_thymeleaf_thymeleaf_spring5_3_0_12_RELEASE.xml", "XML", 0, -13, 0, 0, 0, 0, 0, 0, 0, 0, 0, 0, 0, 0, -13
"d:\do_an_duong\PlaceUp\.idea\libraries\Maven__org_unbescape_unbescape_1_1_6_RELEASE.xml", "XML", 0, -13, 0, 0, 0, 0, 0, 0, 0, 0, 0, 0, 0, 0, -13
"d:\do_an_duong\PlaceUp\.idea\libraries\Maven__org_xmlunit_xmlunit_core_2_8_2.xml", "XML", 0, -13, 0, 0, 0, 0, 0, 0, 0, 0, 0, 0, 0, 0, -13
"d:\do_an_duong\PlaceUp\.idea\libraries\Maven__org_yaml_snakeyaml_1_28.xml", "XML", 0, -13, 0, 0, 0, 0, 0, 0, 0, 0, 0, 0, 0, 0, -13
"d:\do_an_duong\PlaceUp\.idea\misc.xml", "XML", 0, -16, 0, 0, 0, 0, 0, 0, 0, 0, 0, 0, 0, 0, -16
"d:\do_an_duong\PlaceUp\.idea\modules.xml", "XML", 0, -9, 0, 0, 0, 0, 0, 0, 0, 0, 0, 0, 0, 0, -9
"d:\do_an_duong\PlaceUp\.idea\uiDesigner.xml", "XML", 0, -124, 0, 0, 0, 0, 0, 0, 0, 0, 0, 0, 0, 0, -124
"d:\do_an_duong\PlaceUp\.idea\vcs.xml", "XML", 0, -6, 0, 0, 0, 0, 0, 0, 0, 0, 0, 0, 0, 0, -6
"d:\do_an_duong\PlaceUp\BE_DuAn\.mvn\wrapper\maven-wrapper.properties", "Properties", 0, 0, -2, 0, 0, 0, 0, 0, 0, 0, 0, 0, -16, -1, -19
"d:\do_an_duong\PlaceUp\BE_DuAn\mvnw.cmd", "Batch", 0, 0, 0, -102, 0, 0, 0, 0, 0, 0, 0, 0, -51, -36, -189
"d:\do_an_duong\PlaceUp\BE_DuAn\pom.xml", "XML", 0, -210, 0, 0, 0, 0, 0, 0, 0, 0, 0, 0, -12, -10, -232
"d:\do_an_duong\PlaceUp\BE_DuAn\src\main\resources\application.properties", "Properties", 0, 0, -21, 0, 0, 0, 0, 0, 0, 0, 0, 0, -8, -8, -37
"d:\do_an_duong\PlaceUp\BE_DuAn\src\main\resources\i18n\global_en.properties", "Properties", 0, 0, -143, 0, 0, 0, 0, 0, 0, 0, 0, 0, -2, -20, -165
"d:\do_an_duong\PlaceUp\BE_DuAn\src\main\resources\i18n\global_vi.properties", "Properties", 0, 0, -126, 0, 0, 0, 0, 0, 0, 0, 0, 0, -9, -19, -154
"d:\do_an_duong\PlaceUp\BE_DuAn\src\main\resources\static\admin\Account\Account.html", "HTML", 0, 0, 0, 0, 0, -150, 0, 0, 0, 0, 0, 0, -1, -6, -157
"d:\do_an_duong\PlaceUp\BE_DuAn\src\main\resources\static\admin\Account\CreateAccount.html", "HTML", 0, 0, 0, 0, 0, -145, 0, 0, 0, 0, 0, 0, -36, -14, -195
"d:\do_an_duong\PlaceUp\BE_DuAn\src\main\resources\static\admin\Account\UpdateAccount.html", "HTML", 0, 0, 0, 0, 0, -112, 0, 0, 0, 0, 0, 0, -36, -5, -153
"d:\do_an_duong\PlaceUp\BE_DuAn\src\main\resources\static\admin\Bill\List_Bill.html", "HTML", 0, 0, 0, 0, 0, -163, 0, 0, 0, 0, 0, 0, -6, -4, -173
"d:\do_an_duong\PlaceUp\BE_DuAn\src\main\resources\static\admin\Bill\List_BillDetail.html", "HTML", 0, 0, 0, 0, 0, -161, 0, 0, 0, 0, 0, 0, -1, -6, -168
"d:\do_an_duong\PlaceUp\BE_DuAn\src\main\resources\static\admin\Bill\Product_Return.html", "HTML", 0, 0, 0, 0, 0, -315, 0, 0, 0, 0, 0, 0, -12, -14, -341
"d:\do_an_duong\PlaceUp\BE_DuAn\src\main\resources\static\admin\Cart\CartDetails.html", "HTML", 0, 0, 0, 0, 0, -151, 0, 0, 0, 0, 0, 0, 0, -3, -154
"d:\do_an_duong\PlaceUp\BE_DuAn\src\main\resources\static\admin\Cart\List_Cart.html", "HTML", 0, 0, 0, 0, 0, -117, 0, 0, 0, 0, 0, 0, 0, -2, -119
"d:\do_an_duong\PlaceUp\BE_DuAn\src\main\resources\static\admin\Payment\Payment.html", "HTML", 0, 0, 0, 0, 0, -615, 0, 0, 0, 0, 0, 0, -10, -23, -648
"d:\do_an_duong\PlaceUp\BE_DuAn\src\main\resources\static\admin\ProductDetail\List_ProductDetail.html", "HTML", 0, 0, 0, 0, 0, -246, 0, 0, 0, 0, 0, 0, -1, -12, -259
"d:\do_an_duong\PlaceUp\BE_DuAn\src\main\resources\static\admin\Product\Category.html", "HTML", 0, 0, 0, 0, 0, -140, 0, 0, 0, 0, 0, 0, -14, -9, -163
"d:\do_an_duong\PlaceUp\BE_DuAn\src\main\resources\static\admin\Product\CreateProduct.html", "HTML", 0, 0, 0, 0, 0, -443, 0, 0, 0, 0, 0, 0, -5, -17, -465
"d:\do_an_duong\PlaceUp\BE_DuAn\src\main\resources\static\admin\Product\Designs.html", "HTML", 0, 0, 0, 0, 0, -142, 0, 0, 0, 0, 0, 0, 0, -6, -148
"d:\do_an_duong\PlaceUp\BE_DuAn\src\main\resources\static\admin\Product\ListProduct.html", "HTML", 0, 0, 0, 0, 0, -190, 0, 0, 0, 0, 0, 0, -1, -7, -198
"d:\do_an_duong\PlaceUp\BE_DuAn\src\main\resources\static\admin\Product\UpdateProduct.html", "HTML", 0, 0, 0, 0, 0, -154, 0, 0, 0, 0, 0, 0, -5, -10, -169
"d:\do_an_duong\PlaceUp\BE_DuAn\src\main\resources\static\admin\Product\color.html", "HTML", 0, 0, 0, 0, 0, -142, 0, 0, 0, 0, 0, 0, 0, -7, -149
"d:\do_an_duong\PlaceUp\BE_DuAn\src\main\resources\static\admin\Product\material.html", "HTML", 0, 0, 0, 0, 0, -141, 0, 0, 0, 0, 0, 0, 0, -5, -146
"d:\do_an_duong\PlaceUp\BE_DuAn\src\main\resources\static\admin\Product\size.html", "HTML", 0, 0, 0, 0, 0, -142, 0, 0, 0, 0, 0, 0, 0, -7, -149
"d:\do_an_duong\PlaceUp\BE_DuAn\src\main\resources\static\admin\Statistical\statistical.html", "HTML", 0, 0, 0, 0, 0, -44, 0, 0, 0, 0, 0, 0, -400, -14, -458
"d:\do_an_duong\PlaceUp\BE_DuAn\src\main\resources\static\admin\css\app.css", "CSS", 0, 0, 0, 0, -1, 0, 0, 0, 0, 0, 0, 0, -6, 0, -7
"d:\do_an_duong\PlaceUp\BE_DuAn\src\main\resources\static\admin\css\bootstrap-table.css", "CSS", 0, 0, 0, 0, -187, 0, 0, 0, 0, 0, 0, 0, -4, -41, -232
"d:\do_an_duong\PlaceUp\BE_DuAn\src\main\resources\static\admin\css\bootstrap-theme.css", "CSS", 0, 0, 0, 0, -435, 0, 0, 0, 0, 0, 0, 0, -6, -2, -443
"d:\do_an_duong\PlaceUp\BE_DuAn\src\main\resources\static\admin\css\bootstrap-theme.min.css", "CSS", 0, 0, 0, 0, -1, 0, 0, 0, 0, 0, 0, 0, -4, 0, -5
"d:\do_an_duong\PlaceUp\BE_DuAn\src\main\resources\static\admin\css\bootstrap.css", "CSS", 0, 0, 0, 0, -6144, 0, 0, 0, 0, 0, 0, 0, -7, -6, -6157
"d:\do_an_duong\PlaceUp\BE_DuAn\src\main\resources\static\admin\css\bootstrap.min.css", "CSS", 0, 0, 0, 0, -1, 0, 0, 0, 0, 0, 0, 0, -5, 0, -6
"d:\do_an_duong\PlaceUp\BE_DuAn\src\main\resources\static\admin\css\datepicker.css", "CSS", 0, 0, 0, 0, -502, 0, 0, 0, 0, 0, 0, 0, -12, -1, -515
"d:\do_an_duong\PlaceUp\BE_DuAn\src\main\resources\static\admin\css\datepicker3.css", "CSS", 0, 0, 0, 0, -780, 0, 0, 0, 0, 0, 0, 0, -12, -1, -793
"d:\do_an_duong\PlaceUp\BE_DuAn\src\main\resources\static\admin\css\soft-ui-dashboard.min.css", "CSS", 0, 0, 0, 0, -8, 0, 0, 0, 0, 0, 0, 0, -22, -8, -38
"d:\do_an_duong\PlaceUp\BE_DuAn\src\main\resources\static\admin\css\styles.css", "CSS", 0, 0, 0, 0, -766, 0, 0, 0, 0, 0, 0, 0, -20, -157, -943
"d:\do_an_duong\PlaceUp\BE_DuAn\src\main\resources\static\admin\ctrl\account-ctrl.js", "JavaScript", 0, 0, 0, 0, 0, 0, -308, 0, 0, 0, 0, 0, -10, -18, -336
"d:\do_an_duong\PlaceUp\BE_DuAn\src\main\resources\static\admin\ctrl\bill-ctrl.js", "JavaScript", 0, 0, 0, 0, 0, 0, -343, 0, 0, 0, 0, 0, -14, -17, -374
"d:\do_an_duong\PlaceUp\BE_DuAn\src\main\resources\static\admin\ctrl\billDetails-ctrl.js", "JavaScript", 0, 0, 0, 0, 0, 0, -285, 0, 0, 0, 0, 0, -23, -30, -338
"d:\do_an_duong\PlaceUp\BE_DuAn\src\main\resources\static\admin\ctrl\cart-ctrl.js", "JavaScript", 0, 0, 0, 0, 0, 0, 0, 0, 0, 0, 0, 0, -19, 0, -19
"d:\do_an_duong\PlaceUp\BE_DuAn\src\main\resources\static\admin\ctrl\cart_admin-ctrl.js", "JavaScript", 0, 0, 0, 0, 0, 0, -748, 0, 0, 0, 0, 0, -73, -42, -863
"d:\do_an_duong\PlaceUp\BE_DuAn\src\main\resources\static\admin\ctrl\category-ctrl.js", "JavaScript", 0, 0, 0, 0, 0, 0, -151, 0, 0, 0, 0, 0, -26, -8, -185
"d:\do_an_duong\PlaceUp\BE_DuAn\src\main\resources\static\admin\ctrl\chart-ctrl.js", "JavaScript", 0, 0, 0, 0, 0, 0, -159, 0, 0, 0, 0, 0, -1, -6, -166
"d:\do_an_duong\PlaceUp\BE_DuAn\src\main\resources\static\admin\ctrl\color.js", "JavaScript", 0, 0, 0, 0, 0, 0, -143, 0, 0, 0, 0, 0, -25, -10, -178
"d:\do_an_duong\PlaceUp\BE_DuAn\src\main\resources\static\admin\ctrl\designs.js", "JavaScript", 0, 0, 0, 0, 0, 0, -143, 0, 0, 0, 0, 0, -26, -5, -174
"d:\do_an_duong\PlaceUp\BE_DuAn\src\main\resources\static\admin\ctrl\main.js", "JavaScript", 0, 0, 0, 0, 0, 0, -402, 0, 0, 0, 0, 0, -7, -21, -430
"d:\do_an_duong\PlaceUp\BE_DuAn\src\main\resources\static\admin\ctrl\material.js", "JavaScript", 0, 0, 0, 0, 0, 0, -142, 0, 0, 0, 0, 0, -24, -9, -175
"d:\do_an_duong\PlaceUp\BE_DuAn\src\main\resources\static\admin\ctrl\payment-ctrl.js", "JavaScript", 0, 0, 0, 0, 0, 0, -133, 0, 0, 0, 0, 0, -4, -24, -161
"d:\do_an_duong\PlaceUp\BE_DuAn\src\main\resources\static\admin\ctrl\product-change-ctrl.js", "JavaScript", 0, 0, 0, 0, 0, 0, -435, 0, 0, 0, 0, 0, -79, -26, -540
"d:\do_an_duong\PlaceUp\BE_DuAn\src\main\resources\static\admin\ctrl\product-ctrl.js", "JavaScript", 0, 0, 0, 0, 0, 0, -863, 0, 0, 0, 0, 0, -39, -33, -935
"d:\do_an_duong\PlaceUp\BE_DuAn\src\main\resources\static\admin\ctrl\size-ctrl.js", "JavaScript", 0, 0, 0, 0, 0, 0, -146, 0, 0, 0, 0, 0, -25, -7, -178
"d:\do_an_duong\PlaceUp\BE_DuAn\src\main\resources\static\admin\header.html", "HTML", 0, 0, 0, 0, 0, 0, 0, 0, 0, 0, 0, 0, -68, -2, -70
"d:\do_an_duong\PlaceUp\BE_DuAn\src\main\resources\static\admin\js\angular-animate.js", "JavaScript", 0, 0, 0, 0, 0, 0, -2220, 0, 0, 0, 0, 0, -1457, -482, -4159
"d:\do_an_duong\PlaceUp\BE_DuAn\src\main\resources\static\admin\js\angular-route.js", "JavaScript", 0, 0, 0, 0, 0, 0, -423, 0, 0, 0, 0, 0, -711, -91, -1225
"d:\do_an_duong\PlaceUp\BE_DuAn\src\main\resources\static\admin\js\angular.min.js", "JavaScript", 0, 0, 0, 0, 0, 0, -271, 0, 0, 0, 0, 0, -67, 0, -338
"d:\do_an_duong\PlaceUp\BE_DuAn\src\main\resources\static\admin\js\app.js", "JavaScript", 0, 0, 0, 0, 0, 0, -1, 0, 0, 0, 0, 0, -2, 0, -3
"d:\do_an_duong\PlaceUp\BE_DuAn\src\main\resources\static\admin\js\bootstrap-datepicker.js", "JavaScript", 0, 0, 0, 0, 0, 0, -1483, 0, 0, 0, 0, 0, -79, -110, -1672
"d:\do_an_duong\PlaceUp\BE_DuAn\src\main\resources\static\admin\js\bootstrap-table.js", "JavaScript", 0, 0, 0, 0, 0, 0, -1196, 0, 0, 0, 0, 0, -38, -229, -1463
"d:\do_an_duong\PlaceUp\BE_DuAn\src\main\resources\static\admin\js\bootstrap.js", "JavaScript", 0, 0, 0, 0, 0, 0, -1388, 0, 0, 0, 0, 0, -189, -538, -2115
"d:\do_an_duong\PlaceUp\BE_DuAn\src\main\resources\static\admin\js\bootstrap.min.js", "JavaScript", 0, 0, 0, 0, 0, 0, -1, 0, 0, 0, 0, 0, -5, 0, -6
"d:\do_an_duong\PlaceUp\BE_DuAn\src\main\resources\static\admin\js\chart-data.js", "JavaScript", 0, 0, 0, 0, 0, 0, -113, 0, 0, 0, 0, 0, 0, -10, -123
"d:\do_an_duong\PlaceUp\BE_DuAn\src\main\resources\static\admin\js\chart.min.js", "JavaScript", 0, 0, 0, 0, 0, 0, -2, 0, 0, 0, 0, 0, -9, 0, -11
"d:\do_an_duong\PlaceUp\BE_DuAn\src\main\resources\static\admin\js\easypiechart-data.js", "JavaScript", 0, 0, 0, 0, 0, 0, -26, 0, 0, 0, 0, 0, 0, -5, -31
"d:\do_an_duong\PlaceUp\BE_DuAn\src\main\resources\static\admin\js\easypiechart.js", "JavaScript", 0, 0, 0, 0, 0, 0, -233, 0, 0, 0, 0, 0, -78, -49, -360
"d:\do_an_duong\PlaceUp\BE_DuAn\src\main\resources\static\admin\js\html5shiv.min.js", "JavaScript", 0, 0, 0, 0, 0, 0, -1, 0, 0, 0, 0, 0, -3, 0, -4
"d:\do_an_duong\PlaceUp\BE_DuAn\src\main\resources\static\admin\js\jquery-1.11.1.min.js", "JavaScript", 0, 0, 0, 0, 0, 0, -3, 0, 0, 0, 0, 0, -1, -1, -5
"d:\do_an_duong\PlaceUp\BE_DuAn\src\main\resources\static\admin\js\jquery-3.4.1.min.js", "JavaScript", 0, 0, 0, 0, 0, 0, -1, 0, 0, 0, 0, 0, -1, -1, -3
"d:\do_an_duong\PlaceUp\BE_DuAn\src\main\resources\static\admin\js\jquery.min.js", "JavaScript", 0, 0, 0, 0, 0, 0, -1, 0, 0, 0, 0, 0, -1, 0, -2
"d:\do_an_duong\PlaceUp\BE_DuAn\src\main\resources\static\admin\js\lumino.glyphs.js", "JavaScript", 0, 0, 0, 0, 0, 0, -1, 0, 0, 0, 0, 0, 0, 0, -1
"d:\do_an_duong\PlaceUp\BE_DuAn\src\main\resources\static\admin\js\popper.min.js", "JavaScript", 0, 0, 0, 0, 0, 0, -1, 0, 0, 0, 0, 0, -4, -1, -6
"d:\do_an_duong\PlaceUp\BE_DuAn\src\main\resources\static\admin\js\respond.min.js", "JavaScript", 0, 0, 0, 0, 0, 0, -1, 0, 0, 0, 0, 0, -4, -1, -6
"d:\do_an_duong\PlaceUp\BE_DuAn\src\main\resources\static\admin\js\sweetalert2.min.js", "JavaScript", 0, 0, 0, 0, 0, 0, -1, 0, 0, 0, 0, 0, 0, 0, -1
"d:\do_an_duong\PlaceUp\BE_DuAn\src\main\resources\static\admin\js\table-viet-hoa.js", "JavaScript", 0, 0, 0, 0, 0, 0, -22, 0, 0, 0, 0, 0, 0, -2, -24
"d:\do_an_duong\PlaceUp\BE_DuAn\src\main\resources\static\admin\main.html", "HTML", 0, 0, 0, 0, 0, -340, 0, 0, 0, 0, 0, 0, -2, -21, -363
"d:\do_an_duong\PlaceUp\BE_DuAn\src\main\resources\static\admin\navigation.html", "HTML", 0, 0, 0, 0, 0, 0, 0, 0, 0, 0, 0, 0, -118, -2, -120
"d:\do_an_duong\PlaceUp\BE_DuAn\src\main\resources\static\admin\routefile.js", "JavaScript", 0, 0, 0, 0, 0, 0, -197, 0, 0, 0, 0, 0, 0, -11, -208
"d:\do_an_duong\PlaceUp\BE_DuAn\src\main\resources\static\asset\plugins\chartjs.min.js", "JavaScript", 0, 0, 0, 0, 0, 0, -2, 0, 0, 0, 0, 0, -11, 0, -13
"d:\do_an_duong\PlaceUp\BE_DuAn\src\main\resources\static\asset\soft-ui-dashboard.min.js", "JavaScript", 0, 0, 0, 0, 0, 0, -1, 0, 0, 0, 0, 0, -10, -4, -15
"d:\do_an_duong\PlaceUp\BE_DuAn\src\main\resources\static\css\admin.css", "CSS", 0, 0, 0, 0, -115, 0, 0, 0, 0, 0, 0, 0, 0, -20, -135
"d:\do_an_duong\PlaceUp\BE_DuAn\src\main\resources\static\css\bootstrap.min.css", "CSS", 0, 0, 0, 0, -1, 0, 0, 0, 0, 0, 0, 0, -6, 0, -7
"d:\do_an_duong\PlaceUp\BE_DuAn\src\main\resources\static\css\index.css", "CSS", 0, 0, 0, 0, -110, 0, 0, 0, 0, 0, 0, 0, 0, -15, -125
"d:\do_an_duong\PlaceUp\BE_DuAn\src\main\resources\static\css\style.css", "CSS", 0, 0, 0, 0, -8375, 0, 0, 0, 0, 0, 0, 0, -8, -1202, -9585
"d:\do_an_duong\PlaceUp\BE_DuAn\src\main\resources\static\css\style.min.css", "CSS", 0, 0, 0, 0, -1, 0, 0, 0, 0, 0, 0, 0, -5, -1, -7
"d:\do_an_duong\PlaceUp\BE_DuAn\src\main\resources\static\css\tailwind.output.css", "CSS", 0, 0, 0, 0, -1737, 0, 0, 0, 0, 0, 0, 0, -1, -415, -2153
"d:\do_an_duong\PlaceUp\BE_DuAn\src\main\resources\static\js\init-alpine.js", "JavaScript", 0, 0, 0, 0, 0, 0, -60, 0, 0, 0, 0, 0, -3, -4, -67
"d:\do_an_duong\PlaceUp\BE_DuAn\src\main\resources\static\js\main.js", "JavaScript", 0, 0, 0, 0, 0, 0, -88, 0, 0, 0, 0, 0, -5, -12, -105
"d:\do_an_duong\PlaceUp\BE_DuAn\src\main\resources\static\lib\easing\easing.js", "JavaScript", 0, 0, 0, 0, 0, 0, -153, 0, 0, 0, 0, 0, -9, -7, -169
"d:\do_an_duong\PlaceUp\BE_DuAn\src\main\resources\static\lib\easing\easing.min.js", "JavaScript", 0, 0, 0, 0, 0, 0, -1, 0, 0, 0, 0, 0, 0, -1, -2
"d:\do_an_duong\PlaceUp\BE_DuAn\src\main\resources\static\lib\owlcarousel\assets\owl.carousel.min.css", "CSS", 0, 0, 0, 0, -1, 0, 0, 0, 0, 0, 0, 0, -5, 0, -6
"d:\do_an_duong\PlaceUp\BE_DuAn\src\main\resources\static\lib\owlcarousel\owl.carousel.js", "JavaScript", 0, 0, 0, 0, 0, 0, 0, 0, 0, 0, 0, 0, 0, -1, -1
"d:\do_an_duong\PlaceUp\BE_DuAn\src\main\resources\static\lib\owlcarousel\owl.carousel.min.js", "JavaScript", 0, 0, 0, 0, 0, 0, -2, 0, 0, 0, 0, 0, -5, 0, -7
"d:\do_an_duong\PlaceUp\BE_DuAn\src\main\resources\static\mail\contact.js", "JavaScript", 0, 0, 0, 0, 0, 0, -60, 0, 0, 0, 0, 0, 0, -6, -66
"d:\do_an_duong\PlaceUp\BE_DuAn\src\main\resources\static\mail\jqBootstrapValidation.min.js", "JavaScript", 0, 0, 0, 0, 0, 0, -1, 0, 0, 0, 0, 0, 0, 0, -1
"d:\do_an_duong\PlaceUp\BE_DuAn\src\main\resources\static\user\Profile\AccountInfo.html", "HTML", 0, 0, 0, 0, 0, -117, 0, 0, 0, 0, 0, 0, -6, -2, -125
"d:\do_an_duong\PlaceUp\BE_DuAn\src\main\resources\static\user\UserRoute.js", "JavaScript", 0, 0, 0, 0, 0, 0, -51, 0, 0, 0, 0, 0, 0, -1, -52
"d:\do_an_duong\PlaceUp\BE_DuAn\src\main\resources\static\user\account\changePassword.html", "HTML", 0, 0, 0, 0, 0, -71, 0, 0, 0, 0, 0, 0, 0, -6, -77
"d:\do_an_duong\PlaceUp\BE_DuAn\src\main\resources\static\user\account\login.html", "HTML", 0, 0, 0, 0, 0, -100, 0, 0, 0, 0, 0, 0, 0, -12, -112
"d:\do_an_duong\PlaceUp\BE_DuAn\src\main\resources\static\user\account\register-form.html", "HTML", 0, 0, 0, 0, 0, -175, 0, 0, 0, 0, 0, 0, -1, -11, -187
"d:\do_an_duong\PlaceUp\BE_DuAn\src\main\resources\static\user\address\addressTable.html", "HTML", 0, 0, 0, 0, 0, -217, 0, 0, 0, 0, 0, 0, -4, -2, -223
"d:\do_an_duong\PlaceUp\BE_DuAn\src\main\resources\static\user\banner.html", "HTML", 0, 0, 0, 0, 0, -33, 0, 0, 0, 0, 0, 0, 0, -1, -34
"d:\do_an_duong\PlaceUp\BE_DuAn\src\main\resources\static\user\cart\Cart.html", "HTML", 0, 0, 0, 0, 0, -127, 0, 0, 0, 0, 0, 0, -4, -3, -134
"d:\do_an_duong\PlaceUp\BE_DuAn\src\main\resources\static\user\cart\buy-cod-success.html", "HTML", 0, 0, 0, 0, 0, -18, 0, 0, 0, 0, 0, 0, 0, 0, -18
"d:\do_an_duong\PlaceUp\BE_DuAn\src\main\resources\static\user\ctrl\ChangePassword-ctrl.js", "JavaScript", 0, 0, 0, 0, 0, 0, -86, 0, 0, 0, 0, 0, 0, -7, -93
"d:\do_an_duong\PlaceUp\BE_DuAn\src\main\resources\static\user\ctrl\address-form-ctrl.js", "JavaScript", 0, 0, 0, 0, 0, 0, -295, 0, 0, 0, 0, 0, -14, -23, -332
"d:\do_an_duong\PlaceUp\BE_DuAn\src\main\resources\static\user\ctrl\buy-code-success-ctrl.js", "JavaScript", 0, 0, 0, 0, 0, 0, -108, 0, 0, 0, 0, 0, 0, -7, -115
"d:\do_an_duong\PlaceUp\BE_DuAn\src\main\resources\static\user\ctrl\cart_user-ctrl.js", "JavaScript", 0, 0, 0, 0, 0, 0, -304, 0, 0, 0, 0, 0, -2, -26, -332
"d:\do_an_duong\PlaceUp\BE_DuAn\src\main\resources\static\user\ctrl\forgetPassword-ctrl.js", "JavaScript", 0, 0, 0, 0, 0, 0, 0, 0, 0, 0, 0, 0, 0, -1, -1
"d:\do_an_duong\PlaceUp\BE_DuAn\src\main\resources\static\user\ctrl\home-ctrl.js", "JavaScript", 0, 0, 0, 0, 0, 0, 0, 0, 0, 0, 0, 0, -331, 0, -331
"d:\do_an_duong\PlaceUp\BE_DuAn\src\main\resources\static\user\ctrl\login-ctrl.js", "JavaScript", 0, 0, 0, 0, 0, 0, -59, 0, 0, 0, 0, 0, 0, -4, -63
"d:\do_an_duong\PlaceUp\BE_DuAn\src\main\resources\static\user\ctrl\order-ctrl.js", "JavaScript", 0, 0, 0, 0, 0, 0, -141, 0, 0, 0, 0, 0, -49, -5, -195
"d:\do_an_duong\PlaceUp\BE_DuAn\src\main\resources\static\user\ctrl\orderDetail-ctrl.js", "JavaScript", 0, 0, 0, 0, 0, 0, -495, 0, 0, 0, 0, 0, -26, -48, -569
"d:\do_an_duong\PlaceUp\BE_DuAn\src\main\resources\static\user\ctrl\product-sort.js", "JavaScript", 0, 0, 0, 0, 0, 0, -149, 0, 0, 0, 0, 0, 0, -15, -164
"d:\do_an_duong\PlaceUp\BE_DuAn\src\main\resources\static\user\ctrl\productchange-ctrl.js", "JavaScript", 0, 0, 0, 0, 0, 0, -13, 0, 0, 0, 0, 0, 0, -1, -14
"d:\do_an_duong\PlaceUp\BE_DuAn\src\main\resources\static\user\ctrl\profile-ctrl.js", "JavaScript", 0, 0, 0, 0, 0, 0, -198, 0, 0, 0, 0, 0, -6, -20, -224
"d:\do_an_duong\PlaceUp\BE_DuAn\src\main\resources\static\user\ctrl\register-user-ctrl.js", "JavaScript", 0, 0, 0, 0, 0, 0, -146, 0, 0, 0, 0, 0, -2, -13, -161
"d:\do_an_duong\PlaceUp\BE_DuAn\src\main\resources\static\user\ctrl\view_ctrl.js", "JavaScript", 0, 0, 0, 0, 0, 0, -476, 0, 0, 0, 0, 0, -8, -35, -519
"d:\do_an_duong\PlaceUp\BE_DuAn\src\main\resources\static\user\footer.html", "HTML", 0, 0, 0, 0, 0, -57, 0, 0, 0, 0, 0, 0, 0, -1, -58
"d:\do_an_duong\PlaceUp\BE_DuAn\src\main\resources\static\user\index.html", "HTML", 0, 0, 0, 0, 0, -294, 0, 0, 0, 0, 0, 0, -4, -12, -310
"d:\do_an_duong\PlaceUp\BE_DuAn\src\main\resources\static\user\js\angular-animate.js", "JavaScript", 0, 0, 0, 0, 0, 0, -2220, 0, 0, 0, 0, 0, -1457, -482, -4159
"d:\do_an_duong\PlaceUp\BE_DuAn\src\main\resources\static\user\js\angular-route.js", "JavaScript", 0, 0, 0, 0, 0, 0, -423, 0, 0, 0, 0, 0, -711, -91, -1225
"d:\do_an_duong\PlaceUp\BE_DuAn\src\main\resources\static\user\js\angular.min.js", "JavaScript", 0, 0, 0, 0, 0, 0, -271, 0, 0, 0, 0, 0, -67, 0, -338
"d:\do_an_duong\PlaceUp\BE_DuAn\src\main\resources\static\user\js\app.js", "JavaScript", 0, 0, 0, 0, 0, 0, -1, 0, 0, 0, 0, 0, -2, 0, -3
"d:\do_an_duong\PlaceUp\BE_DuAn\src\main\resources\static\user\js\bootstrap-datepicker.js", "JavaScript", 0, 0, 0, 0, 0, 0, -1483, 0, 0, 0, 0, 0, -79, -110, -1672
"d:\do_an_duong\PlaceUp\BE_DuAn\src\main\resources\static\user\js\bootstrap-table.js", "JavaScript", 0, 0, 0, 0, 0, 0, -1196, 0, 0, 0, 0, 0, -38, -229, -1463
"d:\do_an_duong\PlaceUp\BE_DuAn\src\main\resources\static\user\js\bootstrap.js", "JavaScript", 0, 0, 0, 0, 0, 0, -1388, 0, 0, 0, 0, 0, -189, -538, -2115
"d:\do_an_duong\PlaceUp\BE_DuAn\src\main\resources\static\user\js\bootstrap.min.js", "JavaScript", 0, 0, 0, 0, 0, 0, -1, 0, 0, 0, 0, 0, -5, 0, -6
"d:\do_an_duong\PlaceUp\BE_DuAn\src\main\resources\static\user\js\chart-data.js", "JavaScript", 0, 0, 0, 0, 0, 0, -113, 0, 0, 0, 0, 0, 0, -10, -123
"d:\do_an_duong\PlaceUp\BE_DuAn\src\main\resources\static\user\js\chart.min.js", "JavaScript", 0, 0, 0, 0, 0, 0, -2, 0, 0, 0, 0, 0, -9, 0, -11
"d:\do_an_duong\PlaceUp\BE_DuAn\src\main\resources\static\user\js\easypiechart-data.js", "JavaScript", 0, 0, 0, 0, 0, 0, -26, 0, 0, 0, 0, 0, 0, -5, -31
"d:\do_an_duong\PlaceUp\BE_DuAn\src\main\resources\static\user\js\easypiechart.js", "JavaScript", 0, 0, 0, 0, 0, 0, -233, 0, 0, 0, 0, 0, -78, -49, -360
"d:\do_an_duong\PlaceUp\BE_DuAn\src\main\resources\static\user\js\html5shiv.min.js", "JavaScript", 0, 0, 0, 0, 0, 0, -1, 0, 0, 0, 0, 0, -3, 0, -4
"d:\do_an_duong\PlaceUp\BE_DuAn\src\main\resources\static\user\js\jquery-1.11.1.min.js", "JavaScript", 0, 0, 0, 0, 0, 0, -3, 0, 0, 0, 0, 0, -1, -1, -5
"d:\do_an_duong\PlaceUp\BE_DuAn\src\main\resources\static\user\js\jquery-3.4.1.min.js", "JavaScript", 0, 0, 0, 0, 0, 0, -1, 0, 0, 0, 0, 0, -1, -1, -3
"d:\do_an_duong\PlaceUp\BE_DuAn\src\main\resources\static\user\js\jquery.min.js", "JavaScript", 0, 0, 0, 0, 0, 0, -1, 0, 0, 0, 0, 0, -1, 0, -2
"d:\do_an_duong\PlaceUp\BE_DuAn\src\main\resources\static\user\js\lumino.glyphs.js", "JavaScript", 0, 0, 0, 0, 0, 0, -1, 0, 0, 0, 0, 0, 0, 0, -1
"d:\do_an_duong\PlaceUp\BE_DuAn\src\main\resources\static\user\js\popper.min.js", "JavaScript", 0, 0, 0, 0, 0, 0, -1, 0, 0, 0, 0, 0, -4, -1, -6
"d:\do_an_duong\PlaceUp\BE_DuAn\src\main\resources\static\user\js\respond.min.js", "JavaScript", 0, 0, 0, 0, 0, 0, -1, 0, 0, 0, 0, 0, -4, -1, -6
"d:\do_an_duong\PlaceUp\BE_DuAn\src\main\resources\static\user\js\sweetalert2.min.js", "JavaScript", 0, 0, 0, 0, 0, 0, -1, 0, 0, 0, 0, 0, 0, 0, -1
"d:\do_an_duong\PlaceUp\BE_DuAn\src\main\resources\static\user\js\table-viet-hoa.js", "JavaScript", 0, 0, 0, 0, 0, 0, -22, 0, 0, 0, 0, 0, 0, -2, -24
"d:\do_an_duong\PlaceUp\BE_DuAn\src\main\resources\static\user\mail.html", "HTML", 0, 0, 0, 0, 0, -962, 0, 0, 0, 0, 0, 0, -244, -12, -1218
"d:\do_an_duong\PlaceUp\BE_DuAn\src\main\resources\static\user\menu.html", "HTML", 0, 0, 0, 0, 0, -266, 0, 0, 0, 0, 0, 0, -4, -2, -272
"d:\do_an_duong\PlaceUp\BE_DuAn\src\main\resources\static\user\product\Product.html", "HTML", 0, 0, 0, 0, 0, -141, 0, 0, 0, 0, 0, 0, -14, -4, -159
"d:\do_an_duong\PlaceUp\BE_DuAn\src\main\resources\static\user\product\ProductDetail.html", "HTML", 0, 0, 0, 0, 0, -243, 0, 0, 0, 0, 0, 0, -4, -1, -248
"d:\do_an_duong\PlaceUp\BE_DuAn\src\main\resources\static\user\product\contact.html", "HTML", 0, 0, 0, 0, 0, -54, 0, 0, 0, 0, 0, 0, 0, -1, -55
"d:\do_an_duong\PlaceUp\BE_DuAn\src\main\resources\static\user\product\viewProduct.html", "HTML", 0, 0, 0, 0, 0, -101, 0, 0, 0, 0, 0, 0, -5, -5, -111
"d:\do_an_duong\PlaceUp\BE_DuAn\src\main\resources\static\user\purchase\purchase.html", "HTML", 0, 0, 0, 0, 0, -91, 0, 0, 0, 0, 0, 0, 0, -1, -92
"d:\do_an_duong\PlaceUp\BE_DuAn\src\main\resources\static\user\purchase\purchaseDetail.html", "HTML", 0, 0, 0, 0, 0, -211, 0, 0, 0, 0, 0, 0, -10, -10, -231
"d:\do_an_duong\PlaceUp\BE_DuAn\src\main\resources\static\vendor\bootstrap\css\bootstrap-grid.css", "CSS", 0, 0, 0, 0, -3511, 0, 0, 0, 0, 0, 0, 0, -7, -201, -3719
"d:\do_an_duong\PlaceUp\BE_DuAn\src\main\resources\static\vendor\bootstrap\css\bootstrap-grid.min.css", "CSS", 0, 0, 0, 0, -1, 0, 0, 0, 0, 0, 0, 0, -6, 0, -7
"d:\do_an_duong\PlaceUp\BE_DuAn\src\main\resources\static\vendor\bootstrap\css\bootstrap-reboot.css", "CSS", 0, 0, 0, 0, -267, 0, 0, 0, 0, 0, 0, 0, -8, -56, -331
"d:\do_an_duong\PlaceUp\BE_DuAn\src\main\resources\static\vendor\bootstrap\css\bootstrap-reboot.min.css", "CSS", 0, 0, 0, 0, -1, 0, 0, 0, 0, 0, 0, 0, -7, 0, -8
"d:\do_an_duong\PlaceUp\BE_DuAn\src\main\resources\static\vendor\bootstrap\css\bootstrap.css", "CSS", 0, 0, 0, 0, -8832, 0, 0, 0, 0, 0, 0, 0, -7, -1199, -10038
"d:\do_an_duong\PlaceUp\BE_DuAn\src\main\resources\static\vendor\bootstrap\css\bootstrap.min.css", "CSS", 0, 0, 0, 0, -1, 0, 0, 0, 0, 0, 0, 0, -6, 0, -7
"d:\do_an_duong\PlaceUp\BE_DuAn\src\main\resources\static\vendor\bootstrap\js\bootstrap.bundle.js", "JavaScript", 0, 0, 0, 0, 0, 0, -4493, 0, 0, 0, 0, 0, -1359, -1162, -7014
"d:\do_an_duong\PlaceUp\BE_DuAn\src\main\resources\static\vendor\bootstrap\js\bootstrap.bundle.min.js", "JavaScript", 0, 0, 0, 0, 0, 0, -1, 0, 0, 0, 0, 0, -6, 0, -7
"d:\do_an_duong\PlaceUp\BE_DuAn\src\main\resources\static\vendor\bootstrap\js\bootstrap.js", "JavaScript", 0, 0, 0, 0, 0, 0, -3262, 0, 0, 0, 0, 0, -332, -842, -4436
"d:\do_an_duong\PlaceUp\BE_DuAn\src\main\resources\static\vendor\bootstrap\js\bootstrap.min.js", "JavaScript", 0, 0, 0, 0, 0, 0, -1, 0, 0, 0, 0, 0, -6, 0, -7
"d:\do_an_duong\PlaceUp\BE_DuAn\src\main\resources\static\vendor\bootstrap\js\popper.min.js", "JavaScript", 0, 0, 0, 0, 0, 0, -1, 0, 0, 0, 0, 0, -4, -1, -6
"d:\do_an_duong\PlaceUp\BE_DuAn\src\main\resources\static\vendor\currency\currency.min.js", "JavaScript", 0, 0, 0, 0, 0, 0, -5, 0, 0, 0, 0, 0, -7, -1, -13
"d:\do_an_duong\PlaceUp\BE_DuAn\src\main\resources\static\vendor\fontawesome\css\all.css", "CSS", 0, 0, 0, 0, -2963, 0, 0, 0, 0, 0, 0, 0, -6, -1428, -4397
"d:\do_an_duong\PlaceUp\BE_DuAn\src\main\resources\static\vendor\fontawesome\css\all.min.css", "CSS", 0, 0, 0, 0, -1, 0, 0, 0, 0, 0, 0, 0, -4, 0, -5
"d:\do_an_duong\PlaceUp\BE_DuAn\src\main\resources\static\vendor\fontawesome\css\brands.css", "CSS", 0, 0, 0, 0, -9, 0, 0, 0, 0, 0, 0, 0, -4, -2, -15
"d:\do_an_duong\PlaceUp\BE_DuAn\src\main\resources\static\vendor\fontawesome\css\brands.min.css", "CSS", 0, 0, 0, 0, -1, 0, 0, 0, 0, 0, 0, 0, -4, 0, -5
"d:\do_an_duong\PlaceUp\BE_DuAn\src\main\resources\static\vendor\fontawesome\css\fontawesome.css", "CSS", 0, 0, 0, 0, -2933, 0, 0, 0, 0, 0, 0, 0, -6, -1425, -4364
"d:\do_an_duong\PlaceUp\BE_DuAn\src\main\resources\static\vendor\fontawesome\css\fontawesome.min.css", "CSS", 0, 0, 0, 0, -1, 0, 0, 0, 0, 0, 0, 0, -4, 0, -5
"d:\do_an_duong\PlaceUp\BE_DuAn\src\main\resources\static\vendor\fontawesome\css\regular.css", "CSS", 0, 0, 0, 0, -10, 0, 0, 0, 0, 0, 0, 0, -4, -2, -16
"d:\do_an_duong\PlaceUp\BE_DuAn\src\main\resources\static\vendor\fontawesome\css\regular.min.css", "CSS", 0, 0, 0, 0, -1, 0, 0, 0, 0, 0, 0, 0, -4, 0, -5
"d:\do_an_duong\PlaceUp\BE_DuAn\src\main\resources\static\vendor\fontawesome\css\solid.css", "CSS", 0, 0, 0, 0, -11, 0, 0, 0, 0, 0, 0, 0, -4, -2, -17
"d:\do_an_duong\PlaceUp\BE_DuAn\src\main\resources\static\vendor\fontawesome\css\solid.min.css", "CSS", 0, 0, 0, 0, -1, 0, 0, 0, 0, 0, 0, 0, -4, 0, -5
"d:\do_an_duong\PlaceUp\BE_DuAn\src\main\resources\static\vendor\fontawesome\css\svg-with-js.css", "CSS", 0, 0, 0, 0, -312, 0, 0, 0, 0, 0, 0, 0, -4, -56, -372
"d:\do_an_duong\PlaceUp\BE_DuAn\src\main\resources\static\vendor\fontawesome\css\svg-with-js.min.css", "CSS", 0, 0, 0, 0, -1, 0, 0, 0, 0, 0, 0, 0, -4, 0, -5
"d:\do_an_duong\PlaceUp\BE_DuAn\src\main\resources\static\vendor\fontawesome\css\v4-shims.css", "CSS", 0, 0, 0, 0, -1552, 0, 0, 0, 0, 0, 0, 0, -4, -611, -2167
"d:\do_an_duong\PlaceUp\BE_DuAn\src\main\resources\static\vendor\fontawesome\css\v4-shims.min.css", "CSS", 0, 0, 0, 0, -1, 0, 0, 0, 0, 0, 0, 0, -4, 0, -5
"d:\do_an_duong\PlaceUp\BE_DuAn\src\main\resources\static\vendor\fontawesome\webfonts\fa-brands-400.svg", "XML", 0, -3447, 0, 0, 0, 0, 0, 0, 0, 0, 0, 0, -4, -1, -3452
"d:\do_an_duong\PlaceUp\BE_DuAn\src\main\resources\static\vendor\fontawesome\webfonts\fa-regular-400.svg", "XML", 0, -799, 0, 0, 0, 0, 0, 0, 0, 0, 0, 0, -4, -1, -804
"d:\do_an_duong\PlaceUp\BE_DuAn\src\main\resources\static\vendor\fontawesome\webfonts\fa-solid-900.svg", "XML", 0, -4645, 0, 0, 0, 0, 0, 0, 0, 0, 0, 0, -4, -1, -4650
"d:\do_an_duong\PlaceUp\BE_DuAn\src\main\resources\static\vendor\jquery\jquery-3.4.1.min.js", "JavaScript", 0, 0, 0, 0, 0, 0, -1, 0, 0, 0, 0, 0, -1, -1, -3
"d:\do_an_duong\PlaceUp\BE_DuAn\src\main\resources\static\vendor\money-format\simple.money.format.js", "JavaScript", 0, 0, 0, 0, 0, 0, -53, 0, 0, 0, 0, 0, -2, 0, -55
"d:\do_an_duong\PlaceUp\BE_DuAn\src\main\resources\static\vendor\pagination\jquery.simplePagination.js", "JavaScript", 0, 0, 0, 0, 0, 0, -322, 0, 0, 0, 0, 0, -22, -54, -398
"d:\do_an_duong\PlaceUp\BE_DuAn\src\main\resources\static\vendor\pagination\simplePagination.css", "CSS", 0, 0, 0, 0, -179, 0, 0, 0, 0, 0, 0, 0, -14, -25, -218
"d:\do_an_duong\PlaceUp\BE_DuAn\src\main\resources\static\vendor\slick\config.rb", "Ruby", 0, 0, 0, 0, 0, 0, 0, 0, 0, -8, 0, 0, 0, -2, -10
"d:\do_an_duong\PlaceUp\BE_DuAn\src\main\resources\static\vendor\slick\fonts\slick.svg", "XML", 0, -13, 0, 0, 0, 0, 0, 0, 0, 0, 0, 0, 0, -2, -15
"d:\do_an_duong\PlaceUp\BE_DuAn\src\main\resources\static\vendor\slick\slick-theme.css", "CSS", 0, 0, 0, 0, -170, 0, 0, 0, 0, 0, 0, 0, -4, -31, -205
"d:\do_an_duong\PlaceUp\BE_DuAn\src\main\resources\static\vendor\slick\slick-theme.less", "Less", 0, 0, 0, 0, 0, 0, 0, 0, 0, 0, 0, -152, -5, -12, -169
"d:\do_an_duong\PlaceUp\BE_DuAn\src\main\resources\static\vendor\slick\slick-theme.scss", "SCSS", 0, 0, 0, 0, 0, 0, 0, 0, 0, 0, -170, 0, -9, -16, -195
"d:\do_an_duong\PlaceUp\BE_DuAn\src\main\resources\static\vendor\slick\slick.css", "CSS", 0, 0, 0, 0, -104, 0, 0, 0, 0, 0, 0, 0, -1, -15, -120
"d:\do_an_duong\PlaceUp\BE_DuAn\src\main\resources\static\vendor\slick\slick.js", "JavaScript", 0, 0, 0, 0, 0, 0, -2119, 0, 0, 0, 0, 0, -47, -846, -3012
"d:\do_an_duong\PlaceUp\BE_DuAn\src\main\resources\static\vendor\slick\slick.less", "Less", 0, 0, 0, 0, 0, 0, 0, 0, 0, 0, 0, -87, -1, -13, -101
"d:\do_an_duong\PlaceUp\BE_DuAn\src\main\resources\static\vendor\slick\slick.min.js", "JavaScript", 0, 0, 0, 0, 0, 0, -1, 0, 0, 0, 0, 0, 0, -1, -2
"d:\do_an_duong\PlaceUp\BE_DuAn\src\main\resources\static\vendor\slick\slick.scss", "SCSS", 0, 0, 0, 0, 0, 0, 0, 0, 0, 0, -87, 0, -1, -13, -101
"d:\do_an_duong\PlaceUp\BE_DuAn\src\main\resources\static\vendor\toastr\toastr.min.css", "CSS", 0, 0, 0, 0, -1, 0, 0, 0, 0, 0, 0, 0, -5, 0, -6
"d:\do_an_duong\PlaceUp\BE_DuAn\src\main\resources\static\vendor\toastr\toastr.min.js", "JavaScript", 0, 0, 0, 0, 0, 0, -1, 0, 0, 0, 0, 0, -6, 0, -7
"d:\do_an_duong\PlaceUp\BE_DuAn\src\main\resources\static\vendor\zoom-master\LICENSE.md", "Markdown", -17, 0, 0, 0, 0, 0, 0, 0, 0, 0, 0, 0, 0, -4, -21
"d:\do_an_duong\PlaceUp\BE_DuAn\src\main\resources\static\vendor\zoom-master\bower.json", "JSON", 0, 0, 0, 0, 0, 0, 0, -29, 0, 0, 0, 0, 0, 0, -29
"d:\do_an_duong\PlaceUp\BE_DuAn\src\main\resources\static\vendor\zoom-master\demo.html", "HTML", 0, 0, 0, 0, 0, -62, 0, 0, 0, 0, 0, 0, 0, -6, -68
"d:\do_an_duong\PlaceUp\BE_DuAn\src\main\resources\static\vendor\zoom-master\jquery.zoom.js", "JavaScript", 0, 0, 0, 0, 0, 0, -195, 0, 0, 0, 0, 0, -15, -27, -237
"d:\do_an_duong\PlaceUp\BE_DuAn\src\main\resources\static\vendor\zoom-master\jquery.zoom.min.js", "JavaScript", 0, 0, 0, 0, 0, 0, -1, 0, 0, 0, 0, 0, -5, 0, -6
"d:\do_an_duong\PlaceUp\BE_DuAn\src\main\resources\static\vendor\zoom-master\package.json", "JSON", 0, 0, 0, 0, 0, 0, 0, -27, 0, 0, 0, 0, 0, -1, -28
"d:\do_an_duong\PlaceUp\BE_DuAn\src\main\resources\static\vendor\zoom-master\readme.md", "Markdown", -69, 0, 0, 0, 0, 0, 0, 0, 0, 0, 0, 0, 0, -32, -101
"d:\do_an_duong\PlaceUp\BE_DuAn\src\test\java\com\nxm\palceup\BeDuAnApplicationTests.java", "Java", 0, 0, 0, 0, 0, 0, 0, 0, -9, 0, 0, 0, 0, -5, -14
"d:\do_an_duong\PlaceUp\README.md", "Markdown", -1, 0, 0, 0, 0, 0, 0, 0, 0, 0, 0, 0, 0, 0, -1
"Total", "-", -87, -11374, -292, -102, -40029, -7393, -32721, -56, -9, -8, -257, -239, -9376, -13890, -115833